[
  {
    "product_id": 101,
    "name": "Apple iTV 55 inch 4K",
    "price": 999,
    "quantity": 100,
    "diagonal": 55,
    "description": "Latest generation 4K TV from Apple",
    "brand_id": 0,
    "category_id": 0
  },
  {
    "product_id": 102,
    "name": "Samsung 55 inch Neo QLED 4K TV",
    "price": 849,
    "quantity": 50,
    "diagonal": 55,
    "description": "High-performance 4K Neo QLED TV with 120Hz display",
    "brand_id": 1,
    "category_id": 1
  },
  {
    "product_id": 103,
    "name": "Sony Bravia 65 inch 4K TV",
    "price": 1200,
    "quantity": 20,
    "diagonal": 65,
    "description": "Bravia series 4K Ultra HD LED TV",
    "brand_id": 2,
    "category_id": 0
  },
  {
    "product_id": 104,
    "name": "LG OLED 55 inch TV",
    "price": 1500,
    "quantity": 30,
    "diagonal": 55,
    "description": "OLED TV with self-lighting pixels",
    "brand_id": 3,
    "category_id": 1
  },
  {
    "product_id": 105,
    "name": "Samsung QLED 75 inch TV",
    "price": 2000,
    "quantity": 40,
    "diagonal": 75,
    "description": "Large QLED TV with Quantum Dot technology",
    "brand_id": 1,
    "category_id": 2
  },
  {
    "product_id": 106,
    "name": "LG QLED 65 inch TV",
    "price": 1800,
    "quantity": 25,
    "diagonal": 65,
    "description": "QLED TV with advanced color and contrast",
    "brand_id": 3,
    "category_id": 2
  },
  {
    "product_id": 107,
    "name": "Sony Bravia 55 inch 4K TV",
    "price": 1000,
    "quantity": 15,
    "diagonal": 55,
    "description": "4K UHD LED TV with HDR support",
    "brand_id": 2,
    "category_id": 0
  },
  {
    "product_id": 108,
    "name": "Samsung The Frame 65 inch TV",
    "price": 2000,
    "quantity": 60,
    "diagonal": 65,
    "description": "TV that doubles as artwork with customizable frames",
    "brand_id": 1,
    "category_id": 2
  },
  {
    "product_id": 109,
    "name": "Apple iTV 65 inch 4K",
    "price": 2300,
    "quantity": 10,
    "diagonal": 65,
    "description": "Apple's flagship 4K TV with seamless integration into the Apple ecosystem",
    "brand_id": 0,
    "category_id": 1
  },
  {
    "product_id": 110,
    "name": "Sony Bravia 75 inch 8K TV",
    "price": 4999,
    "quantity": 80,
    "diagonal": 75,
    "description": "Next-gen 8K LED TV with superior resolution and color",
    "brand_id": 2,
    "category_id": 0
  }
]
